repo_name,easy_file,hard_file
restic/restic,internal/repository/master_index.go,internal/backend/b2/b2.go
restic/restic,internal/repository/master_index.go,internal/fuse/snapshots_dir.go
tidwall/tile38,internal/server/fence.go,internal/server/server.go
e154/smart-home,api/dto/entity.go,db/entity.go
e154/smart-home,plugins/cpuspeed/actor.go,db/entity.go
e154/smart-home,system/scheduler/scheduler.go,db/dashboard.go
e154/smart-home,plugins/memory_app/plugin.go,db/dashboard.go
e154/smart-home,plugins/logs/plugin.go,db/dashboard.go
e154/smart-home,plugins/logs/actor.go,db/dashboard.go
e154/smart-home,plugins/memory/actor.go,db/dashboard.go
e154/smart-home,api/dto/entity.go,endpoint/task.go
e154/smart-home,plugins/cpuspeed/actor.go,endpoint/task.go
e154/smart-home,api/dto/entity.go,endpoint/entity.go
e154/smart-home,plugins/cpuspeed/actor.go,endpoint/entity.go
e154/smart-home,api/dto/entity.go,db/metric_bucket.go
e154/smart-home,plugins/cpuspeed/actor.go,db/metric_bucket.go
e154/smart-home,plugins/logs/plugin.go,endpoint/interact.go
e154/smart-home,plugins/memory/actor.go,endpoint/interact.go
e154/smart-home,system/scheduler/scheduler.go,endpoint/interact.go
e154/smart-home,plugins/logs/actor.go,endpoint/interact.go
e154/smart-home,plugins/memory_app/plugin.go,endpoint/interact.go
e154/smart-home,plugins/logs/actor.go,endpoint/veriable.go
e154/smart-home,system/scheduler/scheduler.go,endpoint/veriable.go
e154/smart-home,plugins/memory_app/plugin.go,endpoint/veriable.go
e154/smart-home,plugins/logs/plugin.go,endpoint/veriable.go
e154/smart-home,plugins/memory/actor.go,endpoint/veriable.go
e154/smart-home,plugins/cpuspeed/actor.go,plugins/sun/actor.go
e154/smart-home,api/dto/entity.go,plugins/sun/actor.go
e154/smart-home,plugins/logs/actor.go,adaptors/dashboard.go
e154/smart-home,system/scheduler/scheduler.go,adaptors/dashboard.go
e154/smart-home,plugins/logs/plugin.go,adaptors/dashboard.go
e154/smart-home,plugins/memory_app/plugin.go,adaptors/dashboard.go
e154/smart-home,plugins/memory/actor.go,adaptors/dashboard.go
e154/smart-home,plugins/memory/actor.go,plugins/mqtt/actor.go
e154/smart-home,plugins/memory_app/plugin.go,plugins/mqtt/actor.go
e154/smart-home,plugins/logs/plugin.go,plugins/mqtt/actor.go
e154/smart-home,system/scheduler/scheduler.go,plugins/mqtt/actor.go
e154/smart-home,plugins/logs/actor.go,plugins/mqtt/actor.go
e154/smart-home,api/dto/entity.go,plugins/sun/plugin.go
e154/smart-home,plugins/cpuspeed/actor.go,plugins/sun/plugin.go
e154/smart-home,api/dto/entity.go,plugins/email/actor.go
e154/smart-home,plugins/cpuspeed/actor.go,plugins/email/actor.go
e154/smart-home,plugins/cpuspeed/actor.go,plugins/moon/plugin.go
e154/smart-home,api/dto/entity.go,plugins/moon/plugin.go
e154/smart-home,system/scheduler/scheduler.go,common/apperr/errors.go
e154/smart-home,plugins/memory/actor.go,common/apperr/errors.go
e154/smart-home,plugins/logs/plugin.go,common/apperr/errors.go
e154/smart-home,plugins/memory_app/plugin.go,common/apperr/errors.go
e154/smart-home,plugins/logs/actor.go,common/apperr/errors.go
e154/smart-home,plugins/cpuspeed/actor.go,plugins/alexa/server.go
e154/smart-home,api/dto/entity.go,plugins/alexa/server.go
e154/smart-home,plugins/cpuspeed/actor.go,plugins/scene/plugin.go
e154/smart-home,api/dto/entity.go,plugins/scene/plugin.go
e154/smart-home,plugins/cpuspeed/actor.go,plugins/twilio/actor.go
e154/smart-home,api/dto/entity.go,plugins/twilio/actor.go
e154/smart-home,api/dto/entity.go,plugins/cgminer/actor.go
e154/smart-home,plugins/cpuspeed/actor.go,plugins/cgminer/actor.go
e154/smart-home,plugins/cpuspeed/actor.go,plugins/script/plugin.go
e154/smart-home,api/dto/entity.go,plugins/script/plugin.go
e154/smart-home,api/dto/entity.go,plugins/sensor/plugin.go
e154/smart-home,plugins/cpuspeed/actor.go,plugins/sensor/plugin.go
e154/smart-home,plugins/cpuspeed/actor.go,plugins/cgminer/plugin.go
e154/smart-home,api/dto/entity.go,plugins/cgminer/plugin.go
e154/smart-home,api/dto/entity.go,plugins/telegram/actor.go
e154/smart-home,plugins/cpuspeed/actor.go,plugins/telegram/actor.go
e154/smart-home,plugins/cpuspeed/actor.go,plugins/weather/plugin.go
e154/smart-home,api/dto/entity.go,plugins/weather/plugin.go
e154/smart-home,plugins/cpuspeed/actor.go,system/automation/task.go
e154/smart-home,api/dto/entity.go,system/automation/task.go
e154/smart-home,api/dto/entity.go,plugins/telegram/plugin.go
e154/smart-home,plugins/cpuspeed/actor.go,plugins/telegram/plugin.go
e154/smart-home,api/dto/entity.go,plugins/triggers/plugin.go
e154/smart-home,plugins/cpuspeed/actor.go,plugins/triggers/plugin.go
e154/smart-home,plugins/logs/actor.go,system/bus/entity_state.go
e154/smart-home,plugins/logs/plugin.go,system/bus/entity_state.go
e154/smart-home,system/scheduler/scheduler.go,system/bus/entity_state.go
e154/smart-home,plugins/memory_app/plugin.go,system/bus/entity_state.go
e154/smart-home,plugins/memory/actor.go,system/bus/entity_state.go
e154/smart-home,plugins/cpuspeed/actor.go,endpoint/developer_tools.go
e154/smart-home,api/dto/entity.go,endpoint/developer_tools.go
e154/smart-home,plugins/cpuspeed/actor.go,plugins/modbus_rtu/binds.go
e154/smart-home,api/dto/entity.go,plugins/modbus_rtu/binds.go
e154/smart-home,api/dto/entity.go,plugins/modbus_tcp/binds.go
e154/smart-home,plugins/cpuspeed/actor.go,plugins/modbus_tcp/binds.go
e154/smart-home,api/dto/entity.go,plugins/messagebird/actor.go
e154/smart-home,plugins/cpuspeed/actor.go,plugins/messagebird/actor.go
e154/smart-home,api/dto/entity.go,plugins/modbus_rtu/plugin.go
e154/smart-home,plugins/cpuspeed/actor.go,plugins/modbus_rtu/plugin.go
e154/smart-home,plugins/cpuspeed/actor.go,plugins/modbus_tcp/plugin.go
e154/smart-home,api/dto/entity.go,plugins/modbus_tcp/plugin.go
e154/smart-home,plugins/cpuspeed/actor.go,plugins/zigbee2mqtt/plugin.go
e154/smart-home,api/dto/entity.go,plugins/zigbee2mqtt/plugin.go
e154/smart-home,plugins/cpuspeed/actor.go,system/automation/automation.go
e154/smart-home,api/dto/entity.go,system/automation/automation.go
e154/smart-home,plugins/cpuspeed/actor.go,system/plugins/plugin_manager.go
e154/smart-home,api/dto/entity.go,system/plugins/plugin_manager.go
e154/smart-home,api/dto/entity.go,plugins/weather_met/weather_met.go
e154/smart-home,plugins/cpuspeed/actor.go,plugins/weather_met/weather_met.go
e154/smart-home,api/dto/entity.go,plugins/weather_owm/weather_owm.go
e154/smart-home,plugins/cpuspeed/actor.go,plugins/weather_owm/weather_owm.go
e154/smart-home,plugins/cpuspeed/actor.go,system/entity_manager/base_actor.go
e154/smart-home,api/dto/entity.go,system/entity_manager/base_actor.go
e154/smart-home,api/dto/entity.go,system/entity_manager/entity_manager.go
e154/smart-home,plugins/cpuspeed/actor.go,system/entity_manager/entity_manager.go
e154/smart-home,plugins/memory/actor.go,system/initial/local_migrations/m_plugin.go
e154/smart-home,system/scheduler/scheduler.go,system/initial/local_migrations/m_plugin.go
e154/smart-home,plugins/logs/plugin.go,system/initial/local_migrations/m_plugin.go
e154/smart-home,plugins/logs/actor.go,system/initial/local_migrations/m_plugin.go
e154/smart-home,plugins/memory_app/plugin.go,system/initial/local_migrations/m_plugin.go
HouzuoGuo/laitos,daemon/dnsd/udp.go,daemon/dnsd/dnsd.go
HouzuoGuo/laitos,daemon/dnsd/tcp.go,daemon/dnsd/dnsd.go
HouzuoGuo/laitos,tcpoverdns/proxy.go,tcpoverdns/stream.go
HouzuoGuo/laitos,tcpoverdns/proxy.go,daemon/dnsd/query_handler.go
watermint/toolbox,domain/github/api/gh_conn/conn.go,infra/app/experiments.go
watermint/toolbox,domain/dropbox/service/sv_file_content/upload.go,infra/app/experiments.go
watermint/toolbox,domain/dropbox/api/dbx_auth_attr/verify.go,infra/app/experiments.go
watermint/toolbox,domain/asana/api/as_conn/conn.go,infra/app/experiments.go
watermint/toolbox,recipe/dev/ci/artifact/up.go,infra/app/experiments.go
watermint/toolbox,domain/dropbox/api/dbx_auth/legacy.go,infra/app/experiments.go
watermint/toolbox,domain/dropbox/api/dbx_auth/mock.go,infra/app/experiments.go
watermint/toolbox,domain/dropbox/api/dbx_conn_impl/connect.go,infra/app/experiments.go
watermint/toolbox,domain/dropbox/api/dbx_request/builder.go,infra/app/experiments.go
watermint/toolbox,recipe/dev/release/publish.go,infra/app/experiments.go
watermint/toolbox,domain/dropbox/api/dbx_auth_attr/attr.go,infra/app/experiments.go
watermint/toolbox,domain/asana/api/as_request/builder.go,infra/app/experiments.go
watermint/toolbox,domain/google/api/goog_conn/conn.go,infra/app/experiments.go
watermint/toolbox,domain/github/api/gh_auth/github.go,infra/app/experiments.go
watermint/toolbox,domain/dropbox/api/dbx_auth_attr/factory.go,infra/app/experiments.go
watermint/toolbox,domain/dropbox/api/dbx_auth/scoped.go,infra/app/experiments.go
watermint/toolbox,catalogue/message.go,infra/app/experiments.go
watermint/toolbox,recipe/dev/replay/bundle.go,infra/app/experiments.go
watermint/toolbox,domain/github/api/gh_conn_impl/repo.go,infra/app/experiments.go
watermint/toolbox,domain/google/api/goog_context_impl/context.go,infra/app/experiments.go
watermint/toolbox,essentials/network/nw_client/client.go,infra/app/experiments.go
watermint/toolbox,domain/slack/api/work_conn_impl/conn.go,infra/app/experiments.go
watermint/toolbox,domain/dropbox/api/dbx_conn/scoped.go,infra/app/experiments.go
watermint/toolbox,infra/api/api_conn_impl/conn.go,infra/app/experiments.go
watermint/toolbox,domain/github/api/gh_request/builder.go,infra/app/experiments.go
watermint/toolbox,domain/asana/api/as_conn_impl/default.go,infra/app/experiments.go
watermint/toolbox,domain/slack/api/work_auth/slack.go,infra/app/experiments.go
watermint/toolbox,domain/google/api/goog_auth/google.go,infra/app/experiments.go
watermint/toolbox,domain/github/api/gh_conn_impl/public.go,infra/app/experiments.go
watermint/toolbox,domain/slack/api/work_request/builder.go,infra/app/experiments.go
watermint/toolbox,domain/slack/api/work_conn/conn.go,infra/app/experiments.go
watermint/toolbox,domain/google/api/goog_request/builder.go,infra/app/experiments.go
watermint/toolbox,domain/dropbox/service/sv_file_revision/revision.go,infra/app/experiments.go
watermint/toolbox,domain/asana/api/as_auth/asana.go,infra/app/experiments.go
watermint/toolbox,recipe/dev/build/target.go,recipe/util/monitor/client.go
watermint/toolbox,domain/dropbox/api/dbx_client_impl/client.go,recipe/util/monitor/client.go
watermint/toolbox,essentials/network/nw_rest_factory/client.go,recipe/util/monitor/client.go
watermint/toolbox,recipe/dev/stage/encoding.go,recipe/util/monitor/client.go
watermint/toolbox,recipe/util/archive/zip.go,recipe/util/monitor/client.go
watermint/toolbox,recipe/util/text/encoding/from.go,recipe/util/monitor/client.go
watermint/toolbox,domain/github/api/gh_client_impl/context.go,recipe/util/monitor/client.go
watermint/toolbox,domain/google/calendar/service/sv_event/event.go,recipe/util/monitor/client.go
watermint/toolbox,recipe/util/archive/unzip.go,recipe/util/monitor/client.go
watermint/toolbox,essentials/network/nw_auth/basic.go,recipe/util/monitor/client.go
watermint/toolbox,infra/api/api_auth_oauth/oauth_session.go,recipe/util/monitor/client.go
watermint/toolbox,recipe/util/text/encoding/to.go,recipe/util/monitor/client.go
watermint/toolbox,domain/google/api/goog_conn_impl/calendar.go,recipe/util/monitor/client.go
watermint/toolbox,domain/slack/api/work_client_impl/client.go,recipe/util/monitor/client.go
watermint/toolbox,infra/api/api_auth/repository.go,recipe/util/monitor/client.go
watermint/toolbox,domain/asana/api/as_client_impl/client.go,recipe/util/monitor/client.go
watermint/toolbox,essentials/network/nw_auth/oauth.go,recipe/util/monitor/client.go
watermint/toolbox,infra/api/api_auth/oauth.go,recipe/util/monitor/client.go
watermint/toolbox,recipe/util/image/exif.go,recipe/util/monitor/client.go
watermint/toolbox,recipe/services/google/calendar/event/list.go,recipe/util/monitor/client.go
watermint/toolbox,recipe/util/text/encoding/from.go,recipe/util/monitor/monitor.go
watermint/toolbox,essentials/network/nw_rest_factory/client.go,recipe/util/monitor/monitor.go
watermint/toolbox,essentials/network/nw_auth/oauth.go,recipe/util/monitor/monitor.go
watermint/toolbox,recipe/util/image/exif.go,recipe/util/monitor/monitor.go
watermint/toolbox,infra/api/api_auth/oauth.go,recipe/util/monitor/monitor.go
watermint/toolbox,recipe/services/google/calendar/event/list.go,recipe/util/monitor/monitor.go
watermint/toolbox,infra/api/api_auth/repository.go,recipe/util/monitor/monitor.go
watermint/toolbox,domain/google/calendar/service/sv_event/event.go,recipe/util/monitor/monitor.go
watermint/toolbox,essentials/network/nw_auth/basic.go,recipe/util/monitor/monitor.go
watermint/toolbox,domain/slack/api/work_client_impl/client.go,recipe/util/monitor/monitor.go
watermint/toolbox,domain/asana/api/as_client_impl/client.go,recipe/util/monitor/monitor.go
watermint/toolbox,domain/dropbox/api/dbx_client_impl/client.go,recipe/util/monitor/monitor.go
watermint/toolbox,domain/google/api/goog_conn_impl/calendar.go,recipe/util/monitor/monitor.go
watermint/toolbox,recipe/util/text/encoding/to.go,recipe/util/monitor/monitor.go
watermint/toolbox,recipe/dev/build/target.go,recipe/util/monitor/monitor.go
watermint/toolbox,recipe/util/archive/zip.go,recipe/util/monitor/monitor.go
watermint/toolbox,domain/github/api/gh_client_impl/context.go,recipe/util/monitor/monitor.go
watermint/toolbox,infra/api/api_auth_oauth/oauth_session.go,recipe/util/monitor/monitor.go
watermint/toolbox,recipe/util/archive/unzip.go,recipe/util/monitor/monitor.go
watermint/toolbox,recipe/dev/stage/encoding.go,recipe/util/monitor/monitor.go
watermint/toolbox,infra/api/api_auth/oauth.go,recipe/team/runas/sharedfolder/isolate.go
watermint/toolbox,infra/api/api_auth/repository.go,recipe/team/runas/sharedfolder/isolate.go
watermint/toolbox,domain/slack/api/work_client_impl/client.go,recipe/team/runas/sharedfolder/isolate.go
watermint/toolbox,domain/asana/api/as_client_impl/client.go,recipe/team/runas/sharedfolder/isolate.go
watermint/toolbox,recipe/dev/build/target.go,recipe/team/runas/sharedfolder/isolate.go
watermint/toolbox,infra/api/api_auth_oauth/oauth_session.go,recipe/team/runas/sharedfolder/isolate.go
watermint/toolbox,essentials/network/nw_rest_factory/client.go,recipe/team/runas/sharedfolder/isolate.go
watermint/toolbox,domain/dropbox/api/dbx_client_impl/client.go,recipe/team/runas/sharedfolder/isolate.go
watermint/toolbox,recipe/util/archive/unzip.go,recipe/team/runas/sharedfolder/isolate.go
watermint/toolbox,recipe/util/text/encoding/to.go,recipe/team/runas/sharedfolder/isolate.go
watermint/toolbox,recipe/util/image/exif.go,recipe/team/runas/sharedfolder/isolate.go
watermint/toolbox,recipe/util/text/encoding/from.go,recipe/team/runas/sharedfolder/isolate.go
watermint/toolbox,domain/github/api/gh_client_impl/context.go,recipe/team/runas/sharedfolder/isolate.go
watermint/toolbox,recipe/util/archive/zip.go,recipe/team/runas/sharedfolder/isolate.go
watermint/toolbox,domain/google/calendar/service/sv_event/event.go,recipe/team/runas/sharedfolder/isolate.go
watermint/toolbox,domain/google/api/goog_conn_impl/calendar.go,recipe/team/runas/sharedfolder/isolate.go
watermint/toolbox,recipe/dev/stage/encoding.go,recipe/team/runas/sharedfolder/isolate.go
watermint/toolbox,essentials/network/nw_auth/oauth.go,recipe/team/runas/sharedfolder/isolate.go
watermint/toolbox,essentials/network/nw_auth/basic.go,recipe/team/runas/sharedfolder/isolate.go
watermint/toolbox,recipe/services/google/calendar/event/list.go,recipe/team/runas/sharedfolder/isolate.go
watermint/toolbox,infra/api/api_auth_oauth/oauth_session.go,recipe/services/google/sheets/sheet/create.go
watermint/toolbox,essentials/network/nw_rest_factory/client.go,recipe/services/google/sheets/sheet/create.go
watermint/toolbox,recipe/services/google/calendar/event/list.go,recipe/services/google/sheets/sheet/create.go
watermint/toolbox,domain/dropbox/api/dbx_client_impl/client.go,recipe/services/google/sheets/sheet/create.go
watermint/toolbox,recipe/dev/stage/encoding.go,recipe/services/google/sheets/sheet/create.go
watermint/toolbox,domain/asana/api/as_client_impl/client.go,recipe/services/google/sheets/sheet/create.go
watermint/toolbox,recipe/util/archive/zip.go,recipe/services/google/sheets/sheet/create.go
watermint/toolbox,essentials/network/nw_auth/oauth.go,recipe/services/google/sheets/sheet/create.go
watermint/toolbox,domain/google/api/goog_conn_impl/calendar.go,recipe/services/google/sheets/sheet/create.go
watermint/toolbox,recipe/util/image/exif.go,recipe/services/google/sheets/sheet/create.go
watermint/toolbox,recipe/dev/build/target.go,recipe/services/google/sheets/sheet/create.go
watermint/toolbox,recipe/util/text/encoding/from.go,recipe/services/google/sheets/sheet/create.go
watermint/toolbox,domain/slack/api/work_client_impl/client.go,recipe/services/google/sheets/sheet/create.go
watermint/toolbox,essentials/network/nw_auth/basic.go,recipe/services/google/sheets/sheet/create.go
watermint/toolbox,recipe/util/archive/unzip.go,recipe/services/google/sheets/sheet/create.go
watermint/toolbox,domain/google/calendar/service/sv_event/event.go,recipe/services/google/sheets/sheet/create.go
watermint/toolbox,domain/github/api/gh_client_impl/context.go,recipe/services/google/sheets/sheet/create.go
watermint/toolbox,infra/api/api_auth/repository.go,recipe/services/google/sheets/sheet/create.go
watermint/toolbox,recipe/util/text/encoding/to.go,recipe/services/google/sheets/sheet/create.go
watermint/toolbox,infra/api/api_auth/oauth.go,recipe/services/google/sheets/sheet/create.go
watermint/toolbox,domain/google/api/goog_conn_impl/sheets.go,domain/google/sheets/service/sv_sheet/sheet.go
watermint/toolbox,recipe/dev/stage/httprange.go,domain/google/sheets/service/sv_sheet/sheet.go
watermint/toolbox,domain/google/api/goog_conn_impl/mail.go,domain/google/sheets/service/sv_sheet/sheet.go
watermint/toolbox,domain/google/api/goog_conn_impl/connect.go,domain/google/sheets/service/sv_sheet/sheet.go
lucas-clemente/quic-go,internal/wire/ack_frame.go,internal/wire/header.go
jcmoraisjr/haproxy-ingress,pkg/haproxy/types/host.go,pkg/converters/ingress/ingress.go
jcmoraisjr/haproxy-ingress,pkg/haproxy/types/types.go,pkg/converters/ingress/ingress.go
